category	term	number_of_genes	number_of_genes_in_background	ncbiTaxonId	inputGenes	preferredNames	p_value	fdr	description	-log10(fdr)	Enrichment	GO_score
COMPARTMENTS	GOCC:0005622	124	11512	9606	TMEM132A,SLC2A3,KRT14,RRN3,DHODH,POLR1F,CCDC86,MLH1,SPR,VAMP4,LDAH,DDX55,RDH10,KRT9,VPS4A,NXT1,IGF2BP3,TUBB2B,XYLT1,TAOK1,CYSTM1,CFAP20,BCHE,ACAD11,POLB,RBM6,LLPH,MFGE8,PMM2,CBX8,KRT10,GEMIN6,MARS2,GTF2E1,RHOC,GEMIN5,METAP1,CMBL,METTL3,TRUB1,ANTXR1,POLR1D,TXNDC2,KRT2,CSPG4,AGPAT4,METTL1,CAMK2G,CRMP1,NR2F1,EHD3,ZGPAT,SYNM,MAOA,PTN,B4GALNT1,RBPJ,ARIH2,FAN1,MT-CYB,NSMCE1,TIMM17A,PLA2G4A,RNF2,LTV1,BAG3,PEX11B,SHOC2,RNGTT,SCD,FAM210B,SURF6,SMAP2,TMEM35A,MRPS15,NCDN,MACROH2A2,CCDC93,COMMD3,NMT2,PRPF18,GLRX,AK6,AKR1C1,ZBED1,GCAT,AMACR,DCAF16,SIRT3,BET1L,KRT18,AKT1S1,TAGLN3,NR2F2,ABAT,MRPL23,PARG,MTA3,ARMC5,CIAO2B,PARN,SLC25A17,GPATCH4,KLC2,TMBIM1,RAB34,ANAPC13,NUDT16,OCIAD2,COX18,COX7C,BRK1,BCAT1,MRPL42,CLUH,SEC11C,GTF2H5,AIFM2,CRABP2,PPP4R3B,NSA2,MICU1,GRB10,URM1	TMEM132A,SLC2A3,KRT14,RRN3,DHODH,TWISTNB,CCDC86,MLH1,SPR,VAMP4,LDAH,DDX55,RDH10,KRT9,VPS4A,NXT1,IGF2BP3,TUBB2B,XYLT1,TAOK1,CYSTM1,CFAP20,BCHE,ACAD11,POLB,RBM6,LLPH,MFGE8,PMM2,CBX8,KRT10,GEMIN6,MARS2,GTF2E1,RHOC,GEMIN5,METAP1,CMBL,METTL3,TRUB1,ANTXR1,POLR1D,TXNDC2,KRT2,CSPG4,AGPAT4,METTL1,CAMK2G,CRMP1,NR2F1,EHD3,ZGPAT,SYNM,MAOA,PTN,B4GALNT1,RBPJ,ARIH2,FAN1,MT-CYB,NSMCE1,TIMM17A,PLA2G4A,RNF2,LTV1,BAG3,PEX11B,SHOC2,RNGTT,SCD,FAM210B,SURF6,SMAP2,TMEM35A,MRPS15,NCDN,MACROH2A2,CCDC93,COMMD3,NMT2,PRPF18,GLRX,AK6,AKR1C1,ZBED1,GCAT,AMACR,DCAF16,SIRT3,BET1L,KRT18,AKT1S1,TAGLN3,NR2F2,ABAT,MRPL23,PARG,MTA3,ARMC5,CIAO2B,PARN,SLC25A17,GPATCH4,KLC2,TMBIM1,RAB34,ANAPC13,NUDT16,OCIAD2,COX18,COX7C,BRK1,BCAT1,MRPL42,CLUH,SEC11C,GTF2H5,AIFM2,CRABP2,PPP4R3B,NSA2,MICU1,GRB10,URM1	2.42e-08	5.57e-05	Intracellular	4.2541448048262716	0.14099331726004488	0.5998059881370422
COMPARTMENTS	GOCC:0043226	109	10113	9606	TMEM132A,SLC2A3,KRT14,RRN3,DHODH,POLR1F,PCOLCE,CCDC86,MLH1,SPR,VAMP4,LDAH,DDX55,KRT9,VPS4A,NXT1,IGF2BP3,TUBB2B,XYLT1,TAOK1,CYSTM1,CFAP20,BCHE,ACAD11,POLB,RBM6,LLPH,MFGE8,CBX8,KRT10,GEMIN6,MARS2,GTF2E1,RHOC,GEMIN5,METTL3,TRUB1,ANTXR1,POLR1D,KRT2,CSPG4,AGPAT4,METTL1,CAMK2G,NR2F1,EHD3,ZGPAT,SYNM,MAOA,B4GALNT1,RBPJ,ARIH2,FAN1,MT-CYB,NSMCE1,TIMM17A,PLA2G4A,RNF2,LTV1,SERPINC1,BAG3,PEX11B,SHOC2,RNGTT,SCD,FAM210B,SURF6,TMEM35A,MRPS15,MACROH2A2,COMMD3,NMT2,PRPF18,GLRX,AK6,AKR1C1,ZBED1,GCAT,AMACR,SIRT3,BET1L,KRT18,NR2F2,ABAT,MRPL23,PARG,MTA3,CIAO2B,PARN,SLC25A17,GPATCH4,KLC2,TMBIM1,RAB34,ANAPC13,NUDT16,OCIAD2,COX18,COX7C,BCAT1,MRPL42,SEC11C,GTF2H5,AIFM2,DHRS3,CRABP2,PPP4R3B,NSA2,MICU1	TMEM132A,SLC2A3,KRT14,RRN3,DHODH,TWISTNB,PCOLCE,CCDC86,MLH1,SPR,VAMP4,LDAH,DDX55,KRT9,VPS4A,NXT1,IGF2BP3,TUBB2B,XYLT1,TAOK1,CYSTM1,CFAP20,BCHE,ACAD11,POLB,RBM6,LLPH,MFGE8,CBX8,KRT10,GEMIN6,MARS2,GTF2E1,RHOC,GEMIN5,METTL3,TRUB1,ANTXR1,POLR1D,KRT2,CSPG4,AGPAT4,METTL1,CAMK2G,NR2F1,EHD3,ZGPAT,SYNM,MAOA,B4GALNT1,RBPJ,ARIH2,FAN1,MT-CYB,NSMCE1,TIMM17A,PLA2G4A,RNF2,LTV1,SERPINC1,BAG3,PEX11B,SHOC2,RNGTT,SCD,FAM210B,SURF6,TMEM35A,MRPS15,MACROH2A2,COMMD3,NMT2,PRPF18,GLRX,AK6,AKR1C1,ZBED1,GCAT,AMACR,SIRT3,BET1L,KRT18,NR2F2,ABAT,MRPL23,PARG,MTA3,CIAO2B,PARN,SLC25A17,GPATCH4,KLC2,TMBIM1,RAB34,ANAPC13,NUDT16,OCIAD2,COX18,COX7C,BCAT1,MRPL42,SEC11C,GTF2H5,AIFM2,DHRS3,CRABP2,PPP4R3B,NSA2,MICU1	2.12e-06	0.0024	Organelle	2.619788758288394	0.14126890372634787	0.3700946858780116
COMPARTMENTS	GOCC:0043227	100	9083	9606	TMEM132A,SLC2A3,KRT14,RRN3,DHODH,POLR1F,PCOLCE,CCDC86,MLH1,SPR,VAMP4,DDX55,VPS4A,NXT1,XYLT1,TAOK1,CYSTM1,CFAP20,BCHE,ACAD11,POLB,RBM6,MFGE8,CBX8,KRT10,GEMIN6,MARS2,GTF2E1,RHOC,GEMIN5,METTL3,TRUB1,ANTXR1,POLR1D,CSPG4,AGPAT4,METTL1,CAMK2G,NR2F1,EHD3,ZGPAT,MAOA,B4GALNT1,RBPJ,ARIH2,FAN1,MT-CYB,NSMCE1,TIMM17A,PLA2G4A,RNF2,LTV1,SERPINC1,BAG3,PEX11B,SHOC2,RNGTT,SCD,FAM210B,SURF6,TMEM35A,MRPS15,MACROH2A2,COMMD3,NMT2,PRPF18,GLRX,AK6,AKR1C1,ZBED1,GCAT,AMACR,SIRT3,BET1L,KRT18,NR2F2,ABAT,MRPL23,PARG,MTA3,CIAO2B,PARN,SLC25A17,GPATCH4,TMBIM1,RAB34,ANAPC13,NUDT16,OCIAD2,COX18,COX7C,MRPL42,SEC11C,GTF2H5,AIFM2,DHRS3,CRABP2,PPP4R3B,NSA2,MICU1	TMEM132A,SLC2A3,KRT14,RRN3,DHODH,TWISTNB,PCOLCE,CCDC86,MLH1,SPR,VAMP4,DDX55,VPS4A,NXT1,XYLT1,TAOK1,CYSTM1,CFAP20,BCHE,ACAD11,POLB,RBM6,MFGE8,CBX8,KRT10,GEMIN6,MARS2,GTF2E1,RHOC,GEMIN5,METTL3,TRUB1,ANTXR1,POLR1D,CSPG4,AGPAT4,METTL1,CAMK2G,NR2F1,EHD3,ZGPAT,MAOA,B4GALNT1,RBPJ,ARIH2,FAN1,MT-CYB,NSMCE1,TIMM17A,PLA2G4A,RNF2,LTV1,SERPINC1,BAG3,PEX11B,SHOC2,RNGTT,SCD,FAM210B,SURF6,TMEM35A,MRPS15,MACROH2A2,COMMD3,NMT2,PRPF18,GLRX,AK6,AKR1C1,ZBED1,GCAT,AMACR,SIRT3,BET1L,KRT18,NR2F2,ABAT,MRPL23,PARG,MTA3,CIAO2B,PARN,SLC25A17,GPATCH4,TMBIM1,RAB34,ANAPC13,NUDT16,OCIAD2,COX18,COX7C,MRPL42,SEC11C,GTF2H5,AIFM2,DHRS3,CRABP2,PPP4R3B,NSA2,MICU1	5.03e-06	0.0039	Membrane-bounded organelle	2.408935392973501	0.15049309883797649	0.3625281521890608
COMPARTMENTS	GOCC:0045095	5	29	9606	KRT14,KRT9,KRT10,KRT2,KRT18	KRT14,KRT9,KRT10,KRT2,KRT18	6.5e-06	0.0039	Keratin filament	2.408935392973501	1.3452944194634213	3.2407273410151745
COMPARTMENTS	GOCC:0043229	103	9609	9606	TMEM132A,SLC2A3,KRT14,RRN3,DHODH,POLR1F,CCDC86,MLH1,SPR,VAMP4,LDAH,DDX55,KRT9,VPS4A,NXT1,IGF2BP3,TUBB2B,XYLT1,CYSTM1,CFAP20,BCHE,ACAD11,POLB,RBM6,LLPH,MFGE8,CBX8,KRT10,GEMIN6,MARS2,GTF2E1,GEMIN5,METTL3,TRUB1,ANTXR1,POLR1D,KRT2,CSPG4,AGPAT4,METTL1,CAMK2G,NR2F1,EHD3,ZGPAT,SYNM,MAOA,B4GALNT1,RBPJ,ARIH2,FAN1,MT-CYB,NSMCE1,TIMM17A,PLA2G4A,RNF2,LTV1,BAG3,PEX11B,SHOC2,RNGTT,SCD,FAM210B,SURF6,TMEM35A,MRPS15,MACROH2A2,COMMD3,NMT2,PRPF18,AK6,AKR1C1,ZBED1,GCAT,AMACR,SIRT3,BET1L,KRT18,NR2F2,ABAT,MRPL23,PARG,MTA3,CIAO2B,PARN,SLC25A17,GPATCH4,KLC2,TMBIM1,RAB34,ANAPC13,NUDT16,OCIAD2,COX18,COX7C,BCAT1,MRPL42,SEC11C,GTF2H5,AIFM2,CRABP2,PPP4R3B,NSA2,MICU1	TMEM132A,SLC2A3,KRT14,RRN3,DHODH,TWISTNB,CCDC86,MLH1,SPR,VAMP4,LDAH,DDX55,KRT9,VPS4A,NXT1,IGF2BP3,TUBB2B,XYLT1,CYSTM1,CFAP20,BCHE,ACAD11,POLB,RBM6,LLPH,MFGE8,CBX8,KRT10,GEMIN6,MARS2,GTF2E1,GEMIN5,METTL3,TRUB1,ANTXR1,POLR1D,KRT2,CSPG4,AGPAT4,METTL1,CAMK2G,NR2F1,EHD3,ZGPAT,SYNM,MAOA,B4GALNT1,RBPJ,ARIH2,FAN1,MT-CYB,NSMCE1,TIMM17A,PLA2G4A,RNF2,LTV1,BAG3,PEX11B,SHOC2,RNGTT,SCD,FAM210B,SURF6,TMEM35A,MRPS15,MACROH2A2,COMMD3,NMT2,PRPF18,AK6,AKR1C1,ZBED1,GCAT,AMACR,SIRT3,BET1L,KRT18,NR2F2,ABAT,MRPL23,PARG,MTA3,CIAO2B,PARN,SLC25A17,GPATCH4,KLC2,TMBIM1,RAB34,ANAPC13,NUDT16,OCIAD2,COX18,COX7C,BCAT1,MRPL42,SEC11C,GTF2H5,AIFM2,CRABP2,PPP4R3B,NSA2,MICU1	1.12e-05	0.0051	Intracellular organelle	2.2924298239020637	0.1388814443480466	0.31837596501005677
COMPARTMENTS	GOCC:0005882	6	81	9606	KRT14,KRT9,KRT10,KRT2,SYNM,KRT18	KRT14,KRT9,KRT10,KRT2,SYNM,KRT18	6.38e-05	0.0245	Intermediate filament	1.6108339156354676	0.9783886445313524	1.5760216112837162
COMPARTMENTS	GOCC:0005737	89	8195	9606	TMEM132A,SLC2A3,KRT14,DHODH,SPR,VAMP4,DDX55,RDH10,KRT9,VPS4A,NXT1,IGF2BP3,XYLT1,CYSTM1,CFAP20,BCHE,ACAD11,POLB,MFGE8,PMM2,KRT10,GEMIN6,MARS2,RHOC,GEMIN5,METAP1,TRUB1,ANTXR1,POLR1D,TXNDC2,KRT2,CSPG4,AGPAT4,METTL1,CAMK2G,CRMP1,EHD3,SYNM,MAOA,PTN,B4GALNT1,RBPJ,ARIH2,MT-CYB,TIMM17A,PLA2G4A,LTV1,BAG3,PEX11B,SHOC2,RNGTT,SCD,FAM210B,SMAP2,TMEM35A,MRPS15,NCDN,COMMD3,NMT2,GLRX,AKR1C1,GCAT,AMACR,SIRT3,BET1L,KRT18,AKT1S1,ABAT,MRPL23,ARMC5,CIAO2B,PARN,SLC25A17,KLC2,TMBIM1,RAB34,NUDT16,OCIAD2,COX18,COX7C,BRK1,BCAT1,MRPL42,CLUH,SEC11C,AIFM2,CRABP2,MICU1,URM1	TMEM132A,SLC2A3,KRT14,DHODH,SPR,VAMP4,DDX55,RDH10,KRT9,VPS4A,NXT1,IGF2BP3,XYLT1,CYSTM1,CFAP20,BCHE,ACAD11,POLB,MFGE8,PMM2,KRT10,GEMIN6,MARS2,RHOC,GEMIN5,METAP1,TRUB1,ANTXR1,POLR1D,TXNDC2,KRT2,CSPG4,AGPAT4,METTL1,CAMK2G,CRMP1,EHD3,SYNM,MAOA,PTN,B4GALNT1,RBPJ,ARIH2,MT-CYB,TIMM17A,PLA2G4A,LTV1,BAG3,PEX11B,SHOC2,RNGTT,SCD,FAM210B,SMAP2,TMEM35A,MRPS15,NCDN,COMMD3,NMT2,GLRX,AKR1C1,GCAT,AMACR,SIRT3,BET1L,KRT18,AKT1S1,ABAT,MRPL23,ARMC5,CIAO2B,PARN,SLC25A17,KLC2,TMBIM1,RAB34,NUDT16,OCIAD2,COX18,COX7C,BRK1,BCAT1,MRPL42,CLUH,SEC11C,AIFM2,CRABP2,MICU1,URM1	7.71e-05	0.0253	Cytoplasm	1.596879478824182	0.1445634617647535	0.2308504254799191
COMPARTMENTS	GOCC:0043231	88	8162	9606	TMEM132A,KRT14,RRN3,DHODH,POLR1F,CCDC86,MLH1,SPR,VAMP4,DDX55,VPS4A,NXT1,XYLT1,CFAP20,ACAD11,POLB,RBM6,MFGE8,CBX8,KRT10,GEMIN6,MARS2,GTF2E1,GEMIN5,METTL3,TRUB1,POLR1D,CSPG4,AGPAT4,METTL1,CAMK2G,NR2F1,EHD3,ZGPAT,MAOA,B4GALNT1,RBPJ,ARIH2,FAN1,MT-CYB,NSMCE1,TIMM17A,PLA2G4A,RNF2,LTV1,BAG3,PEX11B,SHOC2,RNGTT,SCD,FAM210B,SURF6,TMEM35A,MRPS15,MACROH2A2,NMT2,PRPF18,AK6,AKR1C1,ZBED1,GCAT,AMACR,SIRT3,BET1L,NR2F2,ABAT,MRPL23,PARG,MTA3,CIAO2B,PARN,SLC25A17,GPATCH4,TMBIM1,RAB34,ANAPC13,NUDT16,OCIAD2,COX18,COX7C,MRPL42,SEC11C,GTF2H5,AIFM2,CRABP2,PPP4R3B,NSA2,MICU1	TMEM132A,KRT14,RRN3,DHODH,TWISTNB,CCDC86,MLH1,SPR,VAMP4,DDX55,VPS4A,NXT1,XYLT1,CFAP20,ACAD11,POLB,RBM6,MFGE8,CBX8,KRT10,GEMIN6,MARS2,GTF2E1,GEMIN5,METTL3,TRUB1,POLR1D,CSPG4,AGPAT4,METTL1,CAMK2G,NR2F1,EHD3,ZGPAT,MAOA,B4GALNT1,RBPJ,ARIH2,FAN1,MT-CYB,NSMCE1,TIMM17A,PLA2G4A,RNF2,LTV1,BAG3,PEX11B,SHOC2,RNGTT,SCD,FAM210B,SURF6,TMEM35A,MRPS15,MACROH2A2,NMT2,PRPF18,AK6,AKR1C1,ZBED1,GCAT,AMACR,SIRT3,BET1L,NR2F2,ABAT,MRPL23,PARG,MTA3,CIAO2B,PARN,SLC25A17,GPATCH4,TMBIM1,RAB34,ANAPC13,NUDT16,OCIAD2,COX18,COX7C,MRPL42,SEC11C,GTF2H5,AIFM2,CRABP2,PPP4R3B,NSA2,MICU1	0.00012	0.0353	Intracellular membrane-bounded organelle	1.4522252946121774	0.14140849473927508	0.20535699293340828
COMPARTMENTS	GOCC:0110165	131	14060	9606	TMEM132A,SLC2A3,KRT14,RRN3,DHODH,POLR1F,PCOLCE,CCDC86,MLH1,IGFBP5,SPR,VAMP4,LDAH,DDX55,RDH10,KRT9,VPS4A,NXT1,IGF2BP3,TUBB2B,XYLT1,TAOK1,CYSTM1,CFAP20,BCHE,ACAD11,POLB,RBM6,LLPH,MFGE8,PMM2,CBX8,KRT10,GEMIN6,MARS2,GTF2E1,RHOC,GEMIN5,METAP1,METTL3,TRUB1,ANTXR1,POLR1D,TXNDC2,KRT2,CSPG4,AGPAT4,METTL1,CAMK2G,CRMP1,NR2F1,EHD3,CTHRC1,ZGPAT,SYNM,MAOA,PTN,B4GALNT1,RBPJ,ARIH2,EPHB4,FAN1,MT-CYB,NSMCE1,TIMM17A,PLA2G4A,RNF2,LTV1,SERPINC1,INPP5A,BAG3,PEX11B,SHOC2,RNGTT,SCD,FAM210B,SURF6,SMAP2,TMEM35A,PCDH11X,MRPS15,NCDN,MACROH2A2,COMMD3,NMT2,PRPF18,GLRX,EMILIN1,AK6,AKR1C1,ZBED1,GCAT,AMACR,SIRT3,BET1L,KRT18,AKT1S1,NR2F2,ABAT,MRPL23,PARG,MTA3,ARMC5,CIAO2B,PARN,SLC25A17,GPATCH4,KLC2,TMBIM1,RAB34,ANAPC13,NUDT16,OCIAD2,COX18,COX7C,BRK1,BCAT1,LIN7A,DTX3,MRPL42,CLUH,SEC11C,EMP3,GTF2H5,AIFM2,DHRS3,CRABP2,PPP4R3B,NSA2,MICU1,URM1	TMEM132A,SLC2A3,KRT14,RRN3,DHODH,TWISTNB,PCOLCE,CCDC86,MLH1,IGFBP5,SPR,VAMP4,LDAH,DDX55,RDH10,KRT9,VPS4A,NXT1,IGF2BP3,TUBB2B,XYLT1,TAOK1,CYSTM1,CFAP20,BCHE,ACAD11,POLB,RBM6,LLPH,MFGE8,PMM2,CBX8,KRT10,GEMIN6,MARS2,GTF2E1,RHOC,GEMIN5,METAP1,METTL3,TRUB1,ANTXR1,POLR1D,TXNDC2,KRT2,CSPG4,AGPAT4,METTL1,CAMK2G,CRMP1,NR2F1,EHD3,CTHRC1,ZGPAT,SYNM,MAOA,PTN,B4GALNT1,RBPJ,ARIH2,EPHB4,FAN1,MT-CYB,NSMCE1,TIMM17A,PLA2G4A,RNF2,LTV1,SERPINC1,INPP5A,BAG3,PEX11B,SHOC2,RNGTT,SCD,FAM210B,SURF6,SMAP2,TMEM35A,PCDH11X,MRPS15,NCDN,MACROH2A2,COMMD3,NMT2,PRPF18,GLRX,EMILIN1,AK6,AKR1C1,ZBED1,GCAT,AMACR,SIRT3,BET1L,KRT18,AKT1S1,NR2F2,ABAT,MRPL23,PARG,MTA3,ARMC5,CIAO2B,PARN,SLC25A17,GPATCH4,KLC2,TMBIM1,RAB34,ANAPC13,NUDT16,OCIAD2,COX18,COX7C,BRK1,BCAT1,LIN7A,DTX3,MRPL42,CLUH,SEC11C,EMP3,GTF2H5,AIFM2,DHRS3,CRABP2,PPP4R3B,NSA2,MICU1,URM1	0.00019	0.0479	Cellular anatomical entity	1.3196644865854368	0.07800838799831772	0.1029448992971575
Component	GO:0043227	135	13188	9606	TMEM132A,SLC2A3,KRT14,RRN3,DHODH,POLR1F,PCOLCE,AEBP1,CCDC86,MLH1,IGFBP5,SPR,VAMP4,LDAH,DDX55,RDH10,KRT9,RPS4Y1,VPS4A,NXT1,IGF2BP3,TUBB2B,XYLT1,MSMO1,TAOK1,CYSTM1,CFAP20,BCHE,ACAD11,POLB,RBM6,LLPH,MFGE8,PMM2,CBX8,KRT10,GEMIN6,MARS2,GTF2E1,RHOC,GEMIN5,NOMO1,CMBL,METTL3,TRUB1,ANTXR1,POLR1D,KRT2,CSPG4,AGPAT4,METTL1,CAMK2G,NR2F1,EHD3,ZGPAT,RSBN1L,MAOA,PTN,B4GALNT1,RBPJ,ARIH2,EPHB4,FAN1,MT-CYB,RNF121,NSMCE1,TIMM17A,PLA2G4A,RNF2,LTV1,SERPINC1,BAG3,PEX11B,SHOC2,RNGTT,SCD,FAM210B,SURF6,SMAP2,TMEM35A,MRPS15,NCDN,MACROH2A2,CCDC93,COMMD3,NMT2,PRPF18,GLRX,EMILIN1,AK6,AKR1C1,ZBED1,GCAT,AMACR,DCAF16,SIRT3,BET1L,KRT18,AKT1S1,TAGLN3,NR2F2,ABAT,MRPL23,PARG,MTA3,ARMC5,CIAO2B,PARN,SLC25A17,GPATCH4,KLC2,TMBIM1,RAB34,LRRC15,ANAPC13,NUDT16,OCIAD2,COX18,COX7C,BRK1,BCAT1,LIN7A,DTX3,FKBP11,MRPL42,ATPAF1,SEC11C,GTF2H5,AIFM2,DHRS3,CRABP2,PPP4R3B,NSA2,MICU1,URM1	TMEM132A,SLC2A3,KRT14,RRN3,DHODH,TWISTNB,PCOLCE,AEBP1,CCDC86,MLH1,IGFBP5,SPR,VAMP4,LDAH,DDX55,RDH10,KRT9,RPS4Y1,VPS4A,NXT1,IGF2BP3,TUBB2B,XYLT1,MSMO1,TAOK1,CYSTM1,CFAP20,BCHE,ACAD11,POLB,RBM6,LLPH,MFGE8,PMM2,CBX8,KRT10,GEMIN6,MARS2,GTF2E1,RHOC,GEMIN5,NOMO1,CMBL,METTL3,TRUB1,ANTXR1,POLR1D,KRT2,CSPG4,AGPAT4,METTL1,CAMK2G,NR2F1,EHD3,ZGPAT,RSBN1L,MAOA,PTN,B4GALNT1,RBPJ,ARIH2,EPHB4,FAN1,MT-CYB,RNF121,NSMCE1,TIMM17A,PLA2G4A,RNF2,LTV1,SERPINC1,BAG3,PEX11B,SHOC2,RNGTT,SCD,FAM210B,SURF6,SMAP2,TMEM35A,MRPS15,NCDN,MACROH2A2,CCDC93,COMMD3,NMT2,PRPF18,GLRX,EMILIN1,AK6,AKR1C1,ZBED1,GCAT,AMACR,DCAF16,SIRT3,BET1L,KRT18,AKT1S1,TAGLN3,NR2F2,ABAT,MRPL23,PARG,MTA3,ARMC5,CIAO2B,PARN,SLC25A17,GPATCH4,KLC2,TMBIM1,RAB34,LRRC15,ANAPC13,NUDT16,OCIAD2,COX18,COX7C,BRK1,BCAT1,LIN7A,DTX3,FKBP11,MRPL42,ATPAF1,SEC11C,GTF2H5,AIFM2,DHRS3,CRABP2,PPP4R3B,NSA2,MICU1,URM1	2.08e-08	4.26e-05	Membrane-bounded organelle	4.370590400897281	0.11887724305024934	0.5195637373605527
Component	GO:0043226	138	14017	9606	TMEM132A,SLC2A3,KRT14,RRN3,DHODH,POLR1F,PCOLCE,AEBP1,CCDC86,MLH1,IGFBP5,SPR,VAMP4,LDAH,DDX55,RDH10,KRT9,RPS4Y1,VPS4A,NXT1,IGF2BP3,TUBB2B,XYLT1,MSMO1,TAOK1,CYSTM1,CFAP20,BCHE,ACAD11,POLB,RBM6,LLPH,MFGE8,PMM2,CBX8,KRT10,GEMIN6,MARS2,GTF2E1,RHOC,GEMIN5,NOMO1,TMSB15A,CMBL,METTL3,TRUB1,ANTXR1,POLR1D,KRT2,CSPG4,AGPAT4,METTL1,CAMK2G,CRMP1,NR2F1,EHD3,ZGPAT,RSBN1L,SYNM,MAOA,PTN,B4GALNT1,RBPJ,ARIH2,EPHB4,FAN1,MT-CYB,RNF121,NSMCE1,TIMM17A,PLA2G4A,RNF2,LTV1,SERPINC1,BAG3,PEX11B,SHOC2,RNGTT,SCD,FAM210B,SURF6,SMAP2,TMEM35A,MRPS15,NCDN,MACROH2A2,CCDC93,COMMD3,NMT2,PRPF18,GLRX,EMILIN1,AK6,AKR1C1,ZBED1,GCAT,AMACR,DCAF16,SIRT3,BET1L,KRT18,AKT1S1,TAGLN3,NR2F2,ABAT,MRPL23,PARG,MTA3,ARMC5,CIAO2B,PARN,SLC25A17,GPATCH4,KLC2,TMBIM1,RAB34,LRRC15,ANAPC13,NUDT16,OCIAD2,COX18,COX7C,BRK1,BCAT1,LIN7A,DTX3,FKBP11,MRPL42,ATPAF1,SEC11C,GTF2H5,AIFM2,DHRS3,CRABP2,PPP4R3B,NSA2,MICU1,URM1	TMEM132A,SLC2A3,KRT14,RRN3,DHODH,TWISTNB,PCOLCE,AEBP1,CCDC86,MLH1,IGFBP5,SPR,VAMP4,LDAH,DDX55,RDH10,KRT9,RPS4Y1,VPS4A,NXT1,IGF2BP3,TUBB2B,XYLT1,MSMO1,TAOK1,CYSTM1,CFAP20,BCHE,ACAD11,POLB,RBM6,LLPH,MFGE8,PMM2,CBX8,KRT10,GEMIN6,MARS2,GTF2E1,RHOC,GEMIN5,NOMO1,TMSB15A,CMBL,METTL3,TRUB1,ANTXR1,POLR1D,KRT2,CSPG4,AGPAT4,METTL1,CAMK2G,CRMP1,NR2F1,EHD3,ZGPAT,RSBN1L,SYNM,MAOA,PTN,B4GALNT1,RBPJ,ARIH2,EPHB4,FAN1,MT-CYB,RNF121,NSMCE1,TIMM17A,PLA2G4A,RNF2,LTV1,SERPINC1,BAG3,PEX11B,SHOC2,RNGTT,SCD,FAM210B,SURF6,SMAP2,TMEM35A,MRPS15,NCDN,MACROH2A2,CCDC93,COMMD3,NMT2,PRPF18,GLRX,EMILIN1,AK6,AKR1C1,ZBED1,GCAT,AMACR,DCAF16,SIRT3,BET1L,KRT18,AKT1S1,TAGLN3,NR2F2,ABAT,MRPL23,PARG,MTA3,ARMC5,CIAO2B,PARN,SLC25A17,GPATCH4,KLC2,TMBIM1,RAB34,LRRC15,ANAPC13,NUDT16,OCIAD2,COX18,COX7C,BRK1,BCAT1,LIN7A,DTX3,FKBP11,MRPL42,ATPAF1,SEC11C,GTF2H5,AIFM2,DHRS3,CRABP2,PPP4R3B,NSA2,MICU1,URM1	2.06e-07	0.00021	Organelle	3.677780705266081	0.10194642608662122	0.37493659883221014
Component	GO:0043231	126	12149	9606	TMEM132A,SLC2A3,KRT14,RRN3,DHODH,POLR1F,AEBP1,CCDC86,MLH1,IGFBP5,SPR,VAMP4,LDAH,DDX55,RDH10,KRT9,RPS4Y1,VPS4A,NXT1,IGF2BP3,TUBB2B,XYLT1,MSMO1,CYSTM1,CFAP20,BCHE,ACAD11,POLB,RBM6,LLPH,MFGE8,PMM2,CBX8,KRT10,GEMIN6,MARS2,GTF2E1,RHOC,GEMIN5,NOMO1,METTL3,TRUB1,ANTXR1,POLR1D,KRT2,CSPG4,AGPAT4,METTL1,CAMK2G,NR2F1,EHD3,ZGPAT,RSBN1L,MAOA,PTN,B4GALNT1,RBPJ,ARIH2,FAN1,MT-CYB,RNF121,NSMCE1,TIMM17A,PLA2G4A,RNF2,LTV1,SERPINC1,BAG3,PEX11B,SHOC2,RNGTT,SCD,FAM210B,SURF6,SMAP2,TMEM35A,MRPS15,NCDN,MACROH2A2,CCDC93,COMMD3,NMT2,PRPF18,GLRX,AK6,ZBED1,GCAT,AMACR,DCAF16,SIRT3,BET1L,KRT18,AKT1S1,TAGLN3,NR2F2,ABAT,MRPL23,PARG,MTA3,ARMC5,CIAO2B,PARN,SLC25A17,GPATCH4,KLC2,TMBIM1,RAB34,ANAPC13,NUDT16,OCIAD2,COX18,COX7C,BCAT1,DTX3,FKBP11,MRPL42,ATPAF1,SEC11C,GTF2H5,AIFM2,DHRS3,CRABP2,PPP4R3B,NSA2,MICU1,URM1	TMEM132A,SLC2A3,KRT14,RRN3,DHODH,TWISTNB,AEBP1,CCDC86,MLH1,IGFBP5,SPR,VAMP4,LDAH,DDX55,RDH10,KRT9,RPS4Y1,VPS4A,NXT1,IGF2BP3,TUBB2B,XYLT1,MSMO1,CYSTM1,CFAP20,BCHE,ACAD11,POLB,RBM6,LLPH,MFGE8,PMM2,CBX8,KRT10,GEMIN6,MARS2,GTF2E1,RHOC,GEMIN5,NOMO1,METTL3,TRUB1,ANTXR1,POLR1D,KRT2,CSPG4,AGPAT4,METTL1,CAMK2G,NR2F1,EHD3,ZGPAT,RSBN1L,MAOA,PTN,B4GALNT1,RBPJ,ARIH2,FAN1,MT-CYB,RNF121,NSMCE1,TIMM17A,PLA2G4A,RNF2,LTV1,SERPINC1,BAG3,PEX11B,SHOC2,RNGTT,SCD,FAM210B,SURF6,SMAP2,TMEM35A,MRPS15,NCDN,MACROH2A2,CCDC93,COMMD3,NMT2,PRPF18,GLRX,AK6,ZBED1,GCAT,AMACR,DCAF16,SIRT3,BET1L,KRT18,AKT1S1,TAGLN3,NR2F2,ABAT,MRPL23,PARG,MTA3,ARMC5,CIAO2B,PARN,SLC25A17,GPATCH4,KLC2,TMBIM1,RAB34,ANAPC13,NUDT16,OCIAD2,COX18,COX7C,BCAT1,DTX3,FKBP11,MRPL42,ATPAF1,SEC11C,GTF2H5,AIFM2,DHRS3,CRABP2,PPP4R3B,NSA2,MICU1,URM1	2.38e-07	0.00021	Intracellular membrane-bounded organelle	3.677780705266081	0.12455242608243701	0.4580765094400666
Component	GO:0031981	63	4526	9606	RRN3,DHODH,POLR1F,CCDC86,MLH1,SPR,DDX55,RPS4Y1,NXT1,CFAP20,POLB,LLPH,PMM2,CBX8,GEMIN6,GTF2E1,GEMIN5,METTL3,POLR1D,CSPG4,METTL1,CAMK2G,NR2F1,ZGPAT,RBPJ,ARIH2,FAN1,NSMCE1,TIMM17A,RNF2,LTV1,PEX11B,SHOC2,RNGTT,SCD,SURF6,SMAP2,MRPS15,MACROH2A2,PRPF18,AK6,ZBED1,GCAT,DCAF16,SIRT3,KRT18,AKT1S1,NR2F2,MRPL23,PARG,MTA3,ARMC5,CIAO2B,PARN,GPATCH4,KLC2,RAB34,NUDT16,DTX3,GTF2H5,CRABP2,PPP4R3B,NSA2	RRN3,DHODH,TWISTNB,CCDC86,MLH1,SPR,DDX55,RPS4Y1,NXT1,CFAP20,POLB,LLPH,PMM2,CBX8,GEMIN6,GTF2E1,GEMIN5,METTL3,POLR1D,CSPG4,METTL1,CAMK2G,NR2F1,ZGPAT,RBPJ,ARIH2,FAN1,NSMCE1,TIMM17A,RNF2,LTV1,PEX11B,SHOC2,RNGTT,SCD,SURF6,SMAP2,MRPS15,MACROH2A2,PRPF18,AK6,ZBED1,GCAT,DCAF16,SIRT3,KRT18,AKT1S1,NR2F2,MRPL23,PARG,MTA3,ARMC5,CIAO2B,PARN,GPATCH4,KLC2,RAB34,NUDT16,DTX3,GTF2H5,CRABP2,PPP4R3B,NSA2	1.04e-06	0.00034	Nuclear lumen	3.4685210829577446	0.2523484128612305	0.8752757902601033
Component	GO:0070013	74	5660	9606	TMEM132A,RRN3,DHODH,POLR1F,CCDC86,MLH1,IGFBP5,SPR,DDX55,RPS4Y1,NXT1,CFAP20,BCHE,POLB,LLPH,MFGE8,PMM2,CBX8,GEMIN6,MARS2,GTF2E1,GEMIN5,METTL3,POLR1D,CSPG4,METTL1,CAMK2G,NR2F1,ZGPAT,RBPJ,ARIH2,FAN1,NSMCE1,TIMM17A,RNF2,LTV1,SERPINC1,PEX11B,SHOC2,RNGTT,SCD,SURF6,SMAP2,MRPS15,MACROH2A2,COMMD3,PRPF18,AK6,ZBED1,GCAT,AMACR,DCAF16,SIRT3,KRT18,AKT1S1,NR2F2,ABAT,MRPL23,PARG,MTA3,ARMC5,CIAO2B,PARN,GPATCH4,KLC2,RAB34,NUDT16,DTX3,MRPL42,GTF2H5,CRABP2,PPP4R3B,NSA2,MICU1	TMEM132A,RRN3,DHODH,TWISTNB,CCDC86,MLH1,IGFBP5,SPR,DDX55,RPS4Y1,NXT1,CFAP20,BCHE,POLB,LLPH,MFGE8,PMM2,CBX8,GEMIN6,MARS2,GTF2E1,GEMIN5,METTL3,POLR1D,CSPG4,METTL1,CAMK2G,NR2F1,ZGPAT,RBPJ,ARIH2,FAN1,NSMCE1,TIMM17A,RNF2,LTV1,SERPINC1,PEX11B,SHOC2,RNGTT,SCD,SURF6,SMAP2,MRPS15,MACROH2A2,COMMD3,PRPF18,AK6,ZBED1,GCAT,AMACR,DCAF16,SIRT3,KRT18,AKT1S1,NR2F2,ABAT,MRPL23,PARG,MTA3,ARMC5,CIAO2B,PARN,GPATCH4,KLC2,RAB34,NUDT16,DTX3,MRPL42,GTF2H5,CRABP2,PPP4R3B,NSA2,MICU1	6.72e-07	0.00034	Intracellular organelle lumen	3.4685210829577446	0.2251377015690634	0.7808948644609454
Component	GO:0043229	131	13231	9606	TMEM132A,SLC2A3,KRT14,RRN3,DHODH,POLR1F,AEBP1,CCDC86,MLH1,IGFBP5,SPR,VAMP4,LDAH,DDX55,RDH10,KRT9,RPS4Y1,VPS4A,NXT1,IGF2BP3,TUBB2B,XYLT1,MSMO1,TAOK1,CYSTM1,CFAP20,BCHE,ACAD11,POLB,RBM6,LLPH,MFGE8,PMM2,CBX8,KRT10,GEMIN6,MARS2,GTF2E1,RHOC,GEMIN5,NOMO1,TMSB15A,METTL3,TRUB1,ANTXR1,POLR1D,KRT2,CSPG4,AGPAT4,METTL1,CAMK2G,CRMP1,NR2F1,EHD3,ZGPAT,RSBN1L,SYNM,MAOA,PTN,B4GALNT1,RBPJ,ARIH2,FAN1,MT-CYB,RNF121,NSMCE1,TIMM17A,PLA2G4A,RNF2,LTV1,SERPINC1,BAG3,PEX11B,SHOC2,RNGTT,SCD,FAM210B,SURF6,SMAP2,TMEM35A,MRPS15,NCDN,MACROH2A2,CCDC93,COMMD3,NMT2,PRPF18,GLRX,AK6,ZBED1,GCAT,AMACR,DCAF16,SIRT3,BET1L,KRT18,AKT1S1,TAGLN3,NR2F2,ABAT,MRPL23,PARG,MTA3,ARMC5,CIAO2B,PARN,SLC25A17,GPATCH4,KLC2,TMBIM1,RAB34,ANAPC13,NUDT16,OCIAD2,COX18,COX7C,BRK1,BCAT1,DTX3,FKBP11,MRPL42,ATPAF1,SEC11C,GTF2H5,AIFM2,DHRS3,CRABP2,PPP4R3B,NSA2,MICU1,URM1	TMEM132A,SLC2A3,KRT14,RRN3,DHODH,TWISTNB,AEBP1,CCDC86,MLH1,IGFBP5,SPR,VAMP4,LDAH,DDX55,RDH10,KRT9,RPS4Y1,VPS4A,NXT1,IGF2BP3,TUBB2B,XYLT1,MSMO1,TAOK1,CYSTM1,CFAP20,BCHE,ACAD11,POLB,RBM6,LLPH,MFGE8,PMM2,CBX8,KRT10,GEMIN6,MARS2,GTF2E1,RHOC,GEMIN5,NOMO1,TMSB15A,METTL3,TRUB1,ANTXR1,POLR1D,KRT2,CSPG4,AGPAT4,METTL1,CAMK2G,CRMP1,NR2F1,EHD3,ZGPAT,RSBN1L,SYNM,MAOA,PTN,B4GALNT1,RBPJ,ARIH2,FAN1,MT-CYB,RNF121,NSMCE1,TIMM17A,PLA2G4A,RNF2,LTV1,SERPINC1,BAG3,PEX11B,SHOC2,RNGTT,SCD,FAM210B,SURF6,SMAP2,TMEM35A,MRPS15,NCDN,MACROH2A2,CCDC93,COMMD3,NMT2,PRPF18,GLRX,AK6,ZBED1,GCAT,AMACR,DCAF16,SIRT3,BET1L,KRT18,AKT1S1,TAGLN3,NR2F2,ABAT,MRPL23,PARG,MTA3,ARMC5,CIAO2B,PARN,SLC25A17,GPATCH4,KLC2,TMBIM1,RAB34,ANAPC13,NUDT16,OCIAD2,COX18,COX7C,BRK1,BCAT1,DTX3,FKBP11,MRPL42,ATPAF1,SEC11C,GTF2H5,AIFM2,DHRS3,CRABP2,PPP4R3B,NSA2,MICU1,URM1	1.82e-06	0.00047	Intracellular organelle	3.3279021420642825	0.1044010392437161	0.34743644213290004
Component	GO:0005622	139	14891	9606	TMEM132A,SLC2A3,KRT14,RRN3,DHODH,POLR1F,AEBP1,CCDC86,MLH1,IGFBP5,SPR,VAMP4,LDAH,DDX55,RDH10,KRT9,RPS4Y1,VPS4A,NXT1,IGF2BP3,TUBB2B,XYLT1,MSMO1,TAOK1,CYSTM1,CFAP20,BCHE,ACAD11,POLB,RBM6,LLPH,MFGE8,PMM2,CBX8,KRT10,GEMIN6,MARS2,GTF2E1,RHOC,GEMIN5,NOMO1,TMSB15A,METAP1,CMBL,METTL3,TRUB1,ANTXR1,POLR1D,TXNDC2,KRT2,CSPG4,AGPAT4,METTL1,CAMK2G,CRMP1,NR2F1,EHD3,CTHRC1,ZGPAT,RSBN1L,SYNM,MAOA,PTN,B4GALNT1,RBPJ,ARIH2,EPHB4,FAN1,MT-CYB,RNF121,NSMCE1,TIMM17A,PLA2G4A,RNF2,LTV1,SERPINC1,BAG3,PEX11B,SHOC2,RNGTT,SCD,FAM210B,SURF6,SMAP2,TMEM35A,MRPS15,NCDN,MACROH2A2,CCDC93,COMMD3,NMT2,PRPF18,GLRX,AK6,AKR1C1,ZBED1,GCAT,AMACR,DCAF16,SIRT3,BET1L,KRT18,AKT1S1,TAGLN3,NR2F2,ABAT,MRPL23,PARG,MTA3,ARMC5,CIAO2B,PARN,SLC25A17,GPATCH4,KLC2,TMBIM1,RAB34,ANAPC13,NUDT16,OCIAD2,COX18,COX7C,BRK1,BCAT1,DTX3,FKBP11,MRPL42,CLUH,ATPAF1,SEC11C,GTF2H5,AIFM2,DHRS3,CRABP2,PPP4R3B,NSA2,MICU1,GRB10,URM1	TMEM132A,SLC2A3,KRT14,RRN3,DHODH,TWISTNB,AEBP1,CCDC86,MLH1,IGFBP5,SPR,VAMP4,LDAH,DDX55,RDH10,KRT9,RPS4Y1,VPS4A,NXT1,IGF2BP3,TUBB2B,XYLT1,MSMO1,TAOK1,CYSTM1,CFAP20,BCHE,ACAD11,POLB,RBM6,LLPH,MFGE8,PMM2,CBX8,KRT10,GEMIN6,MARS2,GTF2E1,RHOC,GEMIN5,NOMO1,TMSB15A,METAP1,CMBL,METTL3,TRUB1,ANTXR1,POLR1D,TXNDC2,KRT2,CSPG4,AGPAT4,METTL1,CAMK2G,CRMP1,NR2F1,EHD3,CTHRC1,ZGPAT,RSBN1L,SYNM,MAOA,PTN,B4GALNT1,RBPJ,ARIH2,EPHB4,FAN1,MT-CYB,RNF121,NSMCE1,TIMM17A,PLA2G4A,RNF2,LTV1,SERPINC1,BAG3,PEX11B,SHOC2,RNGTT,SCD,FAM210B,SURF6,SMAP2,TMEM35A,MRPS15,NCDN,MACROH2A2,CCDC93,COMMD3,NMT2,PRPF18,GLRX,AK6,AKR1C1,ZBED1,GCAT,AMACR,DCAF16,SIRT3,BET1L,KRT18,AKT1S1,TAGLN3,NR2F2,ABAT,MRPL23,PARG,MTA3,ARMC5,CIAO2B,PARN,SLC25A17,GPATCH4,KLC2,TMBIM1,RAB34,ANAPC13,NUDT16,OCIAD2,COX18,COX7C,BRK1,BCAT1,DTX3,FKBP11,MRPL42,CLUH,ATPAF1,SEC11C,GTF2H5,AIFM2,DHRS3,CRABP2,PPP4R3B,NSA2,MICU1,GRB10,URM1	1.82e-05	0.0041	Intracellular anatomical structure	2.3872161432802645	0.07881334965190895	0.18814450059502905
Component	GO:0005654	56	4169	9606	RRN3,DHODH,POLR1F,CCDC86,MLH1,SPR,DDX55,RPS4Y1,NXT1,CFAP20,POLB,PMM2,CBX8,GEMIN6,GTF2E1,GEMIN5,METTL3,POLR1D,CSPG4,METTL1,CAMK2G,NR2F1,ZGPAT,RBPJ,ARIH2,FAN1,NSMCE1,TIMM17A,RNF2,LTV1,PEX11B,SHOC2,RNGTT,SURF6,SMAP2,MRPS15,MACROH2A2,PRPF18,AK6,ZBED1,GCAT,DCAF16,SIRT3,AKT1S1,NR2F2,PARG,MTA3,ARMC5,CIAO2B,PARN,KLC2,NUDT16,DTX3,GTF2H5,CRABP2,PPP4R3B	RRN3,DHODH,TWISTNB,CCDC86,MLH1,SPR,DDX55,RPS4Y1,NXT1,CFAP20,POLB,PMM2,CBX8,GEMIN6,GTF2E1,GEMIN5,METTL3,POLR1D,CSPG4,METTL1,CAMK2G,NR2F1,ZGPAT,RBPJ,ARIH2,FAN1,NSMCE1,TIMM17A,RNF2,LTV1,PEX11B,SHOC2,RNGTT,SURF6,SMAP2,MRPS15,MACROH2A2,PRPF18,AK6,ZBED1,GCAT,DCAF16,SIRT3,AKT1S1,NR2F2,PARG,MTA3,ARMC5,CIAO2B,PARN,KLC2,NUDT16,DTX3,GTF2H5,CRABP2,PPP4R3B	1.83e-05	0.0041	Nucleoplasm	2.3872161432802645	0.23687854490626167	0.5654802863969669
Component	GO:0005634	86	7672	9606	KRT14,RRN3,DHODH,POLR1F,AEBP1,CCDC86,MLH1,SPR,DDX55,KRT9,RPS4Y1,VPS4A,NXT1,IGF2BP3,TUBB2B,CFAP20,BCHE,ACAD11,POLB,RBM6,LLPH,PMM2,CBX8,KRT10,GEMIN6,GTF2E1,RHOC,GEMIN5,METTL3,TRUB1,POLR1D,KRT2,CSPG4,METTL1,CAMK2G,NR2F1,EHD3,ZGPAT,RSBN1L,RBPJ,ARIH2,FAN1,NSMCE1,TIMM17A,PLA2G4A,RNF2,LTV1,BAG3,PEX11B,SHOC2,RNGTT,SCD,SURF6,SMAP2,MRPS15,MACROH2A2,COMMD3,PRPF18,GLRX,AK6,ZBED1,GCAT,DCAF16,SIRT3,KRT18,AKT1S1,TAGLN3,NR2F2,MRPL23,PARG,MTA3,ARMC5,CIAO2B,PARN,GPATCH4,KLC2,RAB34,ANAPC13,NUDT16,DTX3,GTF2H5,AIFM2,CRABP2,PPP4R3B,NSA2,URM1	KRT14,RRN3,DHODH,TWISTNB,AEBP1,CCDC86,MLH1,SPR,DDX55,KRT9,RPS4Y1,VPS4A,NXT1,IGF2BP3,TUBB2B,CFAP20,BCHE,ACAD11,POLB,RBM6,LLPH,PMM2,CBX8,KRT10,GEMIN6,GTF2E1,RHOC,GEMIN5,METTL3,TRUB1,POLR1D,KRT2,CSPG4,METTL1,CAMK2G,NR2F1,EHD3,ZGPAT,RSBN1L,RBPJ,ARIH2,FAN1,NSMCE1,TIMM17A,PLA2G4A,RNF2,LTV1,BAG3,PEX11B,SHOC2,RNGTT,SCD,SURF6,SMAP2,MRPS15,MACROH2A2,COMMD3,PRPF18,GLRX,AK6,ZBED1,GCAT,DCAF16,SIRT3,KRT18,AKT1S1,TAGLN3,NR2F2,MRPL23,PARG,MTA3,ARMC5,CIAO2B,PARN,GPATCH4,KLC2,RAB34,ANAPC13,NUDT16,DTX3,GTF2H5,AIFM2,CRABP2,PPP4R3B,NSA2,URM1	3.34e-05	0.0062	Nucleus	2.207608310501746	0.15831227010731916	0.3494914831433149
Component	GO:0005737	119	12056	9606	TMEM132A,SLC2A3,KRT14,DHODH,AEBP1,IGFBP5,SPR,VAMP4,LDAH,DDX55,RDH10,KRT9,RPS4Y1,VPS4A,NXT1,IGF2BP3,TUBB2B,XYLT1,MSMO1,TAOK1,CYSTM1,CFAP20,BCHE,ACAD11,POLB,MFGE8,PMM2,KRT10,GEMIN6,MARS2,GTF2E1,RHOC,GEMIN5,NOMO1,TMSB15A,METAP1,CMBL,METTL3,TRUB1,ANTXR1,POLR1D,TXNDC2,KRT2,CSPG4,AGPAT4,METTL1,CAMK2G,CRMP1,NR2F1,EHD3,CTHRC1,SYNM,MAOA,PTN,B4GALNT1,RBPJ,ARIH2,EPHB4,FAN1,MT-CYB,RNF121,TIMM17A,PLA2G4A,RNF2,LTV1,SERPINC1,BAG3,PEX11B,SHOC2,SCD,FAM210B,SMAP2,TMEM35A,MRPS15,NCDN,CCDC93,COMMD3,NMT2,GLRX,AK6,AKR1C1,GCAT,AMACR,SIRT3,BET1L,KRT18,AKT1S1,NR2F2,ABAT,MRPL23,PARG,MTA3,ARMC5,CIAO2B,PARN,SLC25A17,KLC2,TMBIM1,RAB34,NUDT16,OCIAD2,COX18,COX7C,BRK1,BCAT1,DTX3,FKBP11,MRPL42,CLUH,ATPAF1,SEC11C,GTF2H5,AIFM2,DHRS3,CRABP2,PPP4R3B,MICU1,GRB10,URM1	TMEM132A,SLC2A3,KRT14,DHODH,AEBP1,IGFBP5,SPR,VAMP4,LDAH,DDX55,RDH10,KRT9,RPS4Y1,VPS4A,NXT1,IGF2BP3,TUBB2B,XYLT1,MSMO1,TAOK1,CYSTM1,CFAP20,BCHE,ACAD11,POLB,MFGE8,PMM2,KRT10,GEMIN6,MARS2,GTF2E1,RHOC,GEMIN5,NOMO1,TMSB15A,METAP1,CMBL,METTL3,TRUB1,ANTXR1,POLR1D,TXNDC2,KRT2,CSPG4,AGPAT4,METTL1,CAMK2G,CRMP1,NR2F1,EHD3,CTHRC1,SYNM,MAOA,PTN,B4GALNT1,RBPJ,ARIH2,EPHB4,FAN1,MT-CYB,RNF121,TIMM17A,PLA2G4A,RNF2,LTV1,SERPINC1,BAG3,PEX11B,SHOC2,SCD,FAM210B,SMAP2,TMEM35A,MRPS15,NCDN,CCDC93,COMMD3,NMT2,GLRX,AK6,AKR1C1,GCAT,AMACR,SIRT3,BET1L,KRT18,AKT1S1,NR2F2,ABAT,MRPL23,PARG,MTA3,ARMC5,CIAO2B,PARN,SLC25A17,KLC2,TMBIM1,RAB34,NUDT16,OCIAD2,COX18,COX7C,BRK1,BCAT1,DTX3,FKBP11,MRPL42,CLUH,ATPAF1,SEC11C,GTF2H5,AIFM2,DHRS3,CRABP2,PPP4R3B,MICU1,GRB10,URM1	5.05e-05	0.0086	Cytoplasm	2.065501548756432	0.10306613511231395	0.21288326169882416
Component	GO:0031966	17	752	9606	DHODH,ACAD11,AGPAT4,MAOA,MT-CYB,TIMM17A,PLA2G4A,FAM210B,MRPS15,GCAT,MRPL23,SLC25A17,COX18,COX7C,MRPL42,AIFM2,MICU1	DHODH,ACAD11,AGPAT4,MAOA,MT-CYB,TIMM17A,PLA2G4A,FAM210B,MRPS15,GCAT,MRPL23,SLC25A17,COX18,COX7C,MRPL42,AIFM2,MICU1	0.00012	0.0187	Mitochondrial membrane	1.728158393463501	0.4629534938129903	0.8000569661161722
Component	GO:0005739	28	1681	9606	DHODH,ACAD11,MARS2,TRUB1,AGPAT4,MAOA,MT-CYB,TIMM17A,PLA2G4A,PEX11B,FAM210B,MRPS15,GLRX,GCAT,AMACR,SIRT3,ABAT,MRPL23,PARG,SLC25A17,KLC2,COX18,COX7C,BCAT1,MRPL42,ATPAF1,AIFM2,MICU1	DHODH,ACAD11,MARS2,TRUB1,AGPAT4,MAOA,MT-CYB,TIMM17A,PLA2G4A,PEX11B,FAM210B,MRPS15,GLRX,GCAT,AMACR,SIRT3,ABAT,MRPL23,PARG,SLC25A17,KLC2,COX18,COX7C,BCAT1,MRPL42,ATPAF1,AIFM2,MICU1	0.00015	0.0217	Mitochondrion	1.6635402661514704	0.3303127309291068	0.5494885283230253
Component	GO:0005743	13	502	9606	DHODH,ACAD11,MT-CYB,TIMM17A,PLA2G4A,MRPS15,GCAT,MRPL23,SLC25A17,COX18,COX7C,MRPL42,MICU1	DHODH,ACAD11,MT-CYB,TIMM17A,PLA2G4A,MRPS15,GCAT,MRPL23,SLC25A17,COX18,COX7C,MRPL42,MICU1	0.00022	0.0301	Mitochondrial inner membrane	1.5214335044061567	0.5219620481881762	0.794130548141952
Component	GO:0005730	19	996	9606	RRN3,POLR1F,CCDC86,DDX55,LLPH,POLR1D,METTL1,RBPJ,SCD,SURF6,MRPS15,KRT18,MRPL23,PARN,GPATCH4,RAB34,NUDT16,GTF2H5,NSA2	RRN3,TWISTNB,CCDC86,DDX55,LLPH,POLR1D,METTL1,RBPJ,SCD,SURF6,MRPS15,KRT18,MRPL23,PARN,GPATCH4,RAB34,NUDT16,GTF2H5,NSA2	0.00039	0.0475	Nucleolus	1.3233063903751334	0.3892166755554888	0.5150529140031432
TISSUES	BTO:0000042	146	15148	9606	TMEM132A,SLC2A3,KRT14,RRN3,DHODH,POLR1F,PCOLCE,AEBP1,CCDC86,MLH1,IGFBP5,SPR,VAMP4,LDAH,DDX55,RDH10,KRT9,VPS4A,NXT1,IGF2BP3,TUBB2B,MSMO1,TAOK1,CYSTM1,CFAP20,BCHE,ACAD11,POLB,RBM6,LLPH,MFGE8,PMM2,CBX8,KRT10,SCRN3,GEMIN6,MARS2,RHOC,GEMIN5,NOMO1,TMSB15A,METAP1,TMEM184C,CMBL,METTL3,TRUB1,ANTXR1,POLR1D,TXNDC2,KRT2,CSPG4,AGPAT4,METTL1,CAMK2G,CRMP1,NR2F1,EHD3,CTHRC1,ZGPAT,RSBN1L,SYNM,MAOA,PTN,B4GALNT1,FAM114A2,LRRC17,RBPJ,ARIH2,EPHB4,FAN1,MT-CYB,RNF121,NSMCE1,TIMM17A,PLA2G4A,RNF2,LTV1,SERPINC1,INPP5A,CRYBG1,BAG3,PEX11B,SHOC2,RNGTT,SCD,FAM210B,SURF6,SMAP2,TMEM35A,PCDH11X,MRPS15,NCDN,MACROH2A2,CCDC93,COMMD3,LZIC,NMT2,PRPF18,GLRX,EMILIN1,AKR1C1,GCAT,AMACR,DCAF16,SIRT3,BET1L,KRT18,AKT1S1,TAGLN3,NR2F2,ABAT,MRPL23,PARG,MTA3,ARMC5,CIAO2B,PARN,SLC25A17,GPATCH4,KLC2,TMBIM1,RAB34,ANAPC13,NUDT16,OCIAD2,COX18,COX7C,BCAT1,LIN7A,DTX3,FKBP11,TMEM263,MRPL42,CLUH,ATPAF1,SEC11C,EMP3,GTF2H5,AIFM2,DHRS3,CRABP2,PPP4R3B,NSA2,MICU1,GRB10,URM1	TMEM132A,SLC2A3,KRT14,RRN3,DHODH,TWISTNB,PCOLCE,AEBP1,CCDC86,MLH1,IGFBP5,SPR,VAMP4,LDAH,DDX55,RDH10,KRT9,VPS4A,NXT1,IGF2BP3,TUBB2B,MSMO1,TAOK1,CYSTM1,CFAP20,BCHE,ACAD11,POLB,RBM6,LLPH,MFGE8,PMM2,CBX8,KRT10,SCRN3,GEMIN6,MARS2,RHOC,GEMIN5,NOMO1,TMSB15A,METAP1,TMEM184C,CMBL,METTL3,TRUB1,ANTXR1,POLR1D,TXNDC2,KRT2,CSPG4,AGPAT4,METTL1,CAMK2G,CRMP1,NR2F1,EHD3,CTHRC1,ZGPAT,RSBN1L,SYNM,MAOA,PTN,B4GALNT1,FAM114A2,LRRC17,RBPJ,ARIH2,EPHB4,FAN1,MT-CYB,RNF121,NSMCE1,TIMM17A,PLA2G4A,RNF2,LTV1,SERPINC1,INPP5A,CRYBG1,BAG3,PEX11B,SHOC2,RNGTT,SCD,FAM210B,SURF6,SMAP2,TMEM35A,PCDH11X,MRPS15,NCDN,MACROH2A2,CCDC93,COMMD3,LZIC,NMT2,PRPF18,GLRX,EMILIN1,AKR1C1,GCAT,AMACR,DCAF16,SIRT3,BET1L,KRT18,AKT1S1,TAGLN3,NR2F2,ABAT,MRPL23,PARG,MTA3,ARMC5,CIAO2B,PARN,SLC25A17,GPATCH4,KLC2,TMBIM1,RAB34,ANAPC13,NUDT16,OCIAD2,COX18,COX7C,BCAT1,LIN7A,DTX3,FKBP11,TMEM263,MRPL42,CLUH,ATPAF1,SEC11C,EMP3,GTF2H5,AIFM2,DHRS3,CRABP2,PPP4R3B,NSA2,MICU1,GRB10,URM1	2.36e-08	5.74e-05	Animal	4.241088107602026	0.09271997236200703	0.3932335721216966
TISSUES	BTO:0001489	134	13099	9606	TMEM132A,SLC2A3,KRT14,RRN3,DHODH,POLR1F,PCOLCE,AEBP1,CCDC86,MLH1,IGFBP5,SPR,VAMP4,LDAH,DDX55,RDH10,KRT9,VPS4A,NXT1,IGF2BP3,TUBB2B,MSMO1,TAOK1,CYSTM1,CFAP20,BCHE,ACAD11,POLB,RBM6,LLPH,MFGE8,PMM2,CBX8,KRT10,SCRN3,RHOC,GEMIN5,NOMO1,TMSB15A,METAP1,CMBL,METTL3,TRUB1,ANTXR1,POLR1D,TXNDC2,KRT2,CSPG4,AGPAT4,METTL1,CAMK2G,CRMP1,NR2F1,EHD3,CTHRC1,ZGPAT,RSBN1L,SYNM,MAOA,PTN,B4GALNT1,FAM114A2,RBPJ,ARIH2,EPHB4,MT-CYB,RNF121,NSMCE1,TIMM17A,PLA2G4A,RNF2,LTV1,SERPINC1,INPP5A,CRYBG1,BAG3,PEX11B,SHOC2,RNGTT,SCD,FAM210B,SMAP2,TMEM35A,PCDH11X,MRPS15,NCDN,MACROH2A2,CCDC93,COMMD3,GLRX,EMILIN1,AKR1C1,AMACR,DCAF16,SIRT3,KRT18,AKT1S1,TAGLN3,NR2F2,ABAT,MRPL23,PARG,MTA3,ARMC5,CIAO2B,PARN,SLC25A17,GPATCH4,KLC2,TMBIM1,RAB34,ANAPC13,NUDT16,OCIAD2,COX18,COX7C,BCAT1,LIN7A,DTX3,FKBP11,TMEM263,MRPL42,CLUH,ATPAF1,SEC11C,EMP3,GTF2H5,DHRS3,CRABP2,PPP4R3B,NSA2,MICU1,GRB10,URM1	TMEM132A,SLC2A3,KRT14,RRN3,DHODH,TWISTNB,PCOLCE,AEBP1,CCDC86,MLH1,IGFBP5,SPR,VAMP4,LDAH,DDX55,RDH10,KRT9,VPS4A,NXT1,IGF2BP3,TUBB2B,MSMO1,TAOK1,CYSTM1,CFAP20,BCHE,ACAD11,POLB,RBM6,LLPH,MFGE8,PMM2,CBX8,KRT10,SCRN3,RHOC,GEMIN5,NOMO1,TMSB15A,METAP1,CMBL,METTL3,TRUB1,ANTXR1,POLR1D,TXNDC2,KRT2,CSPG4,AGPAT4,METTL1,CAMK2G,CRMP1,NR2F1,EHD3,CTHRC1,ZGPAT,RSBN1L,SYNM,MAOA,PTN,B4GALNT1,FAM114A2,RBPJ,ARIH2,EPHB4,MT-CYB,RNF121,NSMCE1,TIMM17A,PLA2G4A,RNF2,LTV1,SERPINC1,INPP5A,CRYBG1,BAG3,PEX11B,SHOC2,RNGTT,SCD,FAM210B,SMAP2,TMEM35A,PCDH11X,MRPS15,NCDN,MACROH2A2,CCDC93,COMMD3,GLRX,EMILIN1,AKR1C1,AMACR,DCAF16,SIRT3,KRT18,AKT1S1,TAGLN3,NR2F2,ABAT,MRPL23,PARG,MTA3,ARMC5,CIAO2B,PARN,SLC25A17,GPATCH4,KLC2,TMBIM1,RAB34,ANAPC13,NUDT16,OCIAD2,COX18,COX7C,BCAT1,LIN7A,DTX3,FKBP11,TMEM263,MRPL42,CLUH,ATPAF1,SEC11C,EMP3,GTF2H5,DHRS3,CRABP2,PPP4R3B,NSA2,MICU1,GRB10,URM1	3.47e-08	5.74e-05	Whole body	4.241088107602026	0.11858906925134645	0.5029466912934786
TISSUES	BTO:0003091	85	7090	9606	TMEM132A,SLC2A3,KRT14,RRN3,POLR1F,PCOLCE,CCDC86,MLH1,IGFBP5,VAMP4,VPS4A,NXT1,MSMO1,TAOK1,ACAD11,POLB,RBM6,MFGE8,PMM2,KRT10,RHOC,GEMIN5,TMSB15A,METAP1,METTL3,TRUB1,ANTXR1,POLR1D,TXNDC2,METTL1,NR2F1,CTHRC1,ZGPAT,RSBN1L,SYNM,MAOA,PTN,FAM114A2,RBPJ,EPHB4,MT-CYB,TIMM17A,LTV1,CRYBG1,BAG3,PEX11B,SHOC2,SCD,FAM210B,MACROH2A2,CCDC93,GLRX,EMILIN1,AKR1C1,AMACR,DCAF16,SIRT3,KRT18,AKT1S1,NR2F2,MRPL23,PARG,MTA3,CIAO2B,PARN,SLC25A17,GPATCH4,KLC2,TMBIM1,RAB34,ANAPC13,NUDT16,OCIAD2,COX7C,BCAT1,MRPL42,CLUH,ATPAF1,DHRS3,CRABP2,PPP4R3B,NSA2,MICU1,GRB10,URM1	TMEM132A,SLC2A3,KRT14,RRN3,TWISTNB,PCOLCE,CCDC86,MLH1,IGFBP5,VAMP4,VPS4A,NXT1,MSMO1,TAOK1,ACAD11,POLB,RBM6,MFGE8,PMM2,KRT10,RHOC,GEMIN5,TMSB15A,METAP1,METTL3,TRUB1,ANTXR1,POLR1D,TXNDC2,METTL1,NR2F1,CTHRC1,ZGPAT,RSBN1L,SYNM,MAOA,PTN,FAM114A2,RBPJ,EPHB4,MT-CYB,TIMM17A,LTV1,CRYBG1,BAG3,PEX11B,SHOC2,SCD,FAM210B,MACROH2A2,CCDC93,GLRX,EMILIN1,AKR1C1,AMACR,DCAF16,SIRT3,KRT18,AKT1S1,NR2F2,MRPL23,PARG,MTA3,CIAO2B,PARN,SLC25A17,GPATCH4,KLC2,TMBIM1,RAB34,ANAPC13,NUDT16,OCIAD2,COX7C,BCAT1,MRPL42,CLUH,ATPAF1,DHRS3,CRABP2,PPP4R3B,NSA2,MICU1,GRB10,URM1	2.08e-06	0.0013	Urogenital system	2.886056647693163	0.1874951035575848	0.5411214900322857
TISSUES	BTO:0001491	69	5378	9606	SLC2A3,KRT14,DHODH,POLR1F,AEBP1,MLH1,VAMP4,DDX55,VPS4A,IGF2BP3,TUBB2B,MSMO1,BCHE,ACAD11,RBM6,MFGE8,PMM2,KRT10,NOMO1,METAP1,CMBL,METTL3,ANTXR1,POLR1D,METTL1,CAMK2G,CRMP1,CTHRC1,SYNM,MAOA,EPHB4,MT-CYB,RNF121,TIMM17A,SERPINC1,CRYBG1,BAG3,SCD,SMAP2,TMEM35A,MRPS15,COMMD3,GLRX,AKR1C1,AMACR,SIRT3,KRT18,AKT1S1,TAGLN3,NR2F2,ABAT,ARMC5,PARN,GPATCH4,TMBIM1,RAB34,ANAPC13,NUDT16,OCIAD2,FKBP11,SEC11C,EMP3,GTF2H5,DHRS3,CRABP2,NSA2,MICU1,GRB10,URM1	SLC2A3,KRT14,DHODH,TWISTNB,AEBP1,MLH1,VAMP4,DDX55,VPS4A,IGF2BP3,TUBB2B,MSMO1,BCHE,ACAD11,RBM6,MFGE8,PMM2,KRT10,NOMO1,METAP1,CMBL,METTL3,ANTXR1,POLR1D,METTL1,CAMK2G,CRMP1,CTHRC1,SYNM,MAOA,EPHB4,MT-CYB,RNF121,TIMM17A,SERPINC1,CRYBG1,BAG3,SCD,SMAP2,TMEM35A,MRPS15,COMMD3,GLRX,AKR1C1,AMACR,SIRT3,KRT18,AKT1S1,TAGLN3,NR2F2,ABAT,ARMC5,PARN,GPATCH4,TMBIM1,RAB34,ANAPC13,NUDT16,OCIAD2,FKBP11,SEC11C,EMP3,GTF2H5,DHRS3,CRABP2,NSA2,MICU1,GRB10,URM1	4.69e-06	0.0023	Viscus	2.638272163982407	0.2169507058763312	0.572375008269859
TISSUES	BTO:0000083	74	6111	9606	TMEM132A,SLC2A3,KRT14,RRN3,PCOLCE,CCDC86,MLH1,IGFBP5,NXT1,MSMO1,TAOK1,ACAD11,POLB,RBM6,MFGE8,PMM2,KRT10,RHOC,GEMIN5,TMSB15A,METAP1,METTL3,TRUB1,ANTXR1,POLR1D,TXNDC2,NR2F1,ZGPAT,RSBN1L,SYNM,MAOA,PTN,FAM114A2,RBPJ,EPHB4,MT-CYB,TIMM17A,LTV1,CRYBG1,BAG3,PEX11B,SHOC2,SCD,FAM210B,MACROH2A2,CCDC93,EMILIN1,AKR1C1,DCAF16,SIRT3,KRT18,NR2F2,MRPL23,PARG,MTA3,CIAO2B,PARN,SLC25A17,GPATCH4,KLC2,TMBIM1,RAB34,OCIAD2,COX7C,BCAT1,MRPL42,CLUH,ATPAF1,DHRS3,CRABP2,PPP4R3B,MICU1,GRB10,URM1	TMEM132A,SLC2A3,KRT14,RRN3,PCOLCE,CCDC86,MLH1,IGFBP5,NXT1,MSMO1,TAOK1,ACAD11,POLB,RBM6,MFGE8,PMM2,KRT10,RHOC,GEMIN5,TMSB15A,METAP1,METTL3,TRUB1,ANTXR1,POLR1D,TXNDC2,NR2F1,ZGPAT,RSBN1L,SYNM,MAOA,PTN,FAM114A2,RBPJ,EPHB4,MT-CYB,TIMM17A,LTV1,CRYBG1,BAG3,PEX11B,SHOC2,SCD,FAM210B,MACROH2A2,CCDC93,EMILIN1,AKR1C1,DCAF16,SIRT3,KRT18,NR2F2,MRPL23,PARG,MTA3,CIAO2B,PARN,SLC25A17,GPATCH4,KLC2,TMBIM1,RAB34,OCIAD2,COX7C,BCAT1,MRPL42,CLUH,ATPAF1,DHRS3,CRABP2,PPP4R3B,MICU1,GRB10,URM1	1.43e-05	0.0058	Female reproductive system	2.2365720064370627	0.19184184903750828	0.429068109220416
TISSUES	BTO:0000081	76	6444	9606	TMEM132A,SLC2A3,KRT14,RRN3,PCOLCE,CCDC86,MLH1,IGFBP5,NXT1,MSMO1,TAOK1,ACAD11,POLB,RBM6,MFGE8,PMM2,KRT10,RHOC,GEMIN5,TMSB15A,METAP1,METTL3,TRUB1,ANTXR1,POLR1D,TXNDC2,NR2F1,ZGPAT,RSBN1L,SYNM,MAOA,PTN,FAM114A2,RBPJ,EPHB4,MT-CYB,TIMM17A,LTV1,CRYBG1,BAG3,PEX11B,SHOC2,SCD,FAM210B,MACROH2A2,CCDC93,EMILIN1,AKR1C1,AMACR,DCAF16,SIRT3,KRT18,AKT1S1,NR2F2,MRPL23,PARG,MTA3,CIAO2B,PARN,SLC25A17,GPATCH4,KLC2,TMBIM1,RAB34,OCIAD2,COX7C,BCAT1,MRPL42,CLUH,ATPAF1,DHRS3,CRABP2,PPP4R3B,MICU1,GRB10,URM1	TMEM132A,SLC2A3,KRT14,RRN3,PCOLCE,CCDC86,MLH1,IGFBP5,NXT1,MSMO1,TAOK1,ACAD11,POLB,RBM6,MFGE8,PMM2,KRT10,RHOC,GEMIN5,TMSB15A,METAP1,METTL3,TRUB1,ANTXR1,POLR1D,TXNDC2,NR2F1,ZGPAT,RSBN1L,SYNM,MAOA,PTN,FAM114A2,RBPJ,EPHB4,MT-CYB,TIMM17A,LTV1,CRYBG1,BAG3,PEX11B,SHOC2,SCD,FAM210B,MACROH2A2,CCDC93,EMILIN1,AKR1C1,AMACR,DCAF16,SIRT3,KRT18,AKT1S1,NR2F2,MRPL23,PARG,MTA3,CIAO2B,PARN,SLC25A17,GPATCH4,KLC2,TMBIM1,RAB34,OCIAD2,COX7C,BCAT1,MRPL42,CLUH,ATPAF1,DHRS3,CRABP2,PPP4R3B,MICU1,GRB10,URM1	2.66e-05	0.0092	Reproductive system	2.036212172654445	0.18038047355996953	0.3672929159719832
TISSUES	BTO:0000282	77	6642	9606	TMEM132A,SLC2A3,KRT14,RRN3,PCOLCE,AEBP1,MLH1,IGFBP5,SPR,LDAH,RDH10,TUBB2B,MSMO1,TAOK1,CFAP20,BCHE,ACAD11,RBM6,MFGE8,SCRN3,RHOC,GEMIN5,TMSB15A,METTL3,ANTXR1,POLR1D,CSPG4,AGPAT4,CAMK2G,CRMP1,EHD3,ZGPAT,SYNM,MAOA,PTN,B4GALNT1,RBPJ,ARIH2,MT-CYB,TIMM17A,RNF2,INPP5A,BAG3,PEX11B,SHOC2,SCD,SMAP2,TMEM35A,NCDN,GLRX,AKR1C1,AMACR,SIRT3,KRT18,TAGLN3,NR2F2,ABAT,PARG,MTA3,CIAO2B,PARN,TMBIM1,RAB34,NUDT16,COX18,BCAT1,LIN7A,DTX3,MRPL42,CLUH,ATPAF1,SEC11C,DHRS3,CRABP2,PPP4R3B,MICU1,GRB10	TMEM132A,SLC2A3,KRT14,RRN3,PCOLCE,AEBP1,MLH1,IGFBP5,SPR,LDAH,RDH10,TUBB2B,MSMO1,TAOK1,CFAP20,BCHE,ACAD11,RBM6,MFGE8,SCRN3,RHOC,GEMIN5,TMSB15A,METTL3,ANTXR1,POLR1D,CSPG4,AGPAT4,CAMK2G,CRMP1,EHD3,ZGPAT,SYNM,MAOA,PTN,B4GALNT1,RBPJ,ARIH2,MT-CYB,TIMM17A,RNF2,INPP5A,BAG3,PEX11B,SHOC2,SCD,SMAP2,TMEM35A,NCDN,GLRX,AKR1C1,AMACR,SIRT3,KRT18,TAGLN3,NR2F2,ABAT,PARG,MTA3,CIAO2B,PARN,TMBIM1,RAB34,NUDT16,COX18,BCAT1,LIN7A,DTX3,MRPL42,CLUH,ATPAF1,SEC11C,DHRS3,CRABP2,PPP4R3B,MICU1,GRB10	4.26e-05	0.0129	Head	1.889410289700751	0.17291426693647405	0.32670599518583643
TISSUES	BTO:0000522	80	7004	9606	SLC2A3,KRT14,RRN3,DHODH,AEBP1,CCDC86,MLH1,SPR,VPS4A,IGF2BP3,MSMO1,TAOK1,CFAP20,BCHE,ACAD11,POLB,RBM6,MFGE8,PMM2,KRT10,NOMO1,METAP1,CMBL,METTL3,TRUB1,ANTXR1,TXNDC2,METTL1,CAMK2G,CTHRC1,ZGPAT,SYNM,MAOA,PTN,FAM114A2,RBPJ,ARIH2,EPHB4,MT-CYB,NSMCE1,TIMM17A,SERPINC1,BAG3,PEX11B,SHOC2,SCD,FAM210B,MRPS15,COMMD3,GLRX,AKR1C1,AMACR,SIRT3,KRT18,AKT1S1,TAGLN3,NR2F2,ABAT,PARG,MTA3,CIAO2B,PARN,SLC25A17,KLC2,TMBIM1,RAB34,ANAPC13,NUDT16,OCIAD2,COX7C,BCAT1,LIN7A,FKBP11,CLUH,ATPAF1,SEC11C,GTF2H5,DHRS3,MICU1,GRB10	SLC2A3,KRT14,RRN3,DHODH,AEBP1,CCDC86,MLH1,SPR,VPS4A,IGF2BP3,MSMO1,TAOK1,CFAP20,BCHE,ACAD11,POLB,RBM6,MFGE8,PMM2,KRT10,NOMO1,METAP1,CMBL,METTL3,TRUB1,ANTXR1,TXNDC2,METTL1,CAMK2G,CTHRC1,ZGPAT,SYNM,MAOA,PTN,FAM114A2,RBPJ,ARIH2,EPHB4,MT-CYB,NSMCE1,TIMM17A,SERPINC1,BAG3,PEX11B,SHOC2,SCD,FAM210B,MRPS15,COMMD3,GLRX,AKR1C1,AMACR,SIRT3,KRT18,AKT1S1,TAGLN3,NR2F2,ABAT,PARG,MTA3,CIAO2B,PARN,SLC25A17,KLC2,TMBIM1,RAB34,ANAPC13,NUDT16,OCIAD2,COX7C,BCAT1,LIN7A,FKBP11,CLUH,ATPAF1,SEC11C,GTF2H5,DHRS3,MICU1,GRB10	4.47e-05	0.0129	Gland	1.889410289700751	0.16646626260689368	0.31452306945749225
Keyword	KW-0403	6	75	9606	KRT14,KRT9,KRT10,KRT2,SYNM,KRT18	KRT14,KRT9,KRT10,KRT2,SYNM,KRT18	4.27e-05	0.0287	Intermediate filament	1.5421181032660076	1.0118124000183022	1.5603342191772511
SMART	SM01391	6	71	9606	KRT14,KRT9,KRT10,KRT2,SYNM,KRT18	KRT14,KRT9,KRT10,KRT2,SYNM,KRT18	3.2e-05	0.0263	Intermediate filament protein	1.5800442515102422	1.035615314690927	1.6363180247533697
